City,Lat,Lng,Max Temp,Humidity,Cloudiness,Wind Speed,Country,Date
esperance,-33.87,121.9,71.6,28,100,13.87,AU,1604169009
praia da vitoria,38.73,-27.07,73.4,83,40,12.37,PT,1604169388
vestmannaeyjar,63.44,-20.27,44.6,70,20,12.75,IS,1604169218
hobart,-42.88,147.33,55.4,66,90,6.93,AU,1604168904
valleyview,55.07,-117.29,30.2,74,100,9.17,CA,1604169388
sompeta,18.93,84.6,78.26,65,38,4.25,IN,1604169388
westport,41.14,-73.36,46.99,45,1,6.93,US,1604169365
longyearbyen,78.22,15.64,23.0,73,75,5.82,SJ,1604169183
mount gambier,-37.83,140.77,44.6,93,90,2.68,AU,1604169220
college,64.86,-147.8,8.01,77,90,2.13,US,1604169372
guerrero negro,27.98,-114.06,79.3,33,100,6.22,MX,1604169162
texarkana,33.43,-94.05,62.6,51,1,3.36,US,1604169303
bethel,41.37,-73.41,45.0,41,1,3.36,US,1604169333
mataura,-46.19,168.86,48.99,77,8,5.01,NZ,1604169164
springbok,-29.66,17.89,64.04,28,0,8.9,ZA,1604169096
luderitz,-26.65,15.16,66.88,45,0,24.0,NA,1604169201
aldan,58.6,125.39,-7.2,92,100,2.15,RU,1604169390
kuusamo,65.97,29.18,24.8,92,90,9.17,FI,1604169390
palasa,18.77,84.42,76.37,67,79,2.93,IN,1604169390
sitka,57.05,-135.33,50.0,93,90,20.8,US,1604169178
shanhetun,44.7,127.2,41.29,65,88,14.2,CN,1604169391
portland,45.52,-122.68,50.0,75,20,5.82,US,1604168823
nouadhibou,20.93,-17.03,69.8,77,98,14.99,MR,1604169277
wanning,18.8,110.4,72.28,86,24,8.66,CN,1604169392
katsuura,35.13,140.3,51.8,76,0,9.17,JP,1604169241
bansang,13.43,-14.65,91.4,59,0,2.68,GM,1604169393
abilene,32.45,-99.73,69.8,37,1,14.99,US,1604169393
ribeira grande,38.52,-28.7,69.8,94,75,18.34,PT,1604169393
axim,4.87,-2.24,79.09,85,99,6.17,GH,1604169222
raga,8.46,25.68,76.98,69,60,4.03,SS,1604169394
port elizabeth,-33.92,25.57,64.4,77,90,4.7,ZA,1604169394
rikitea,-23.12,-134.97,75.22,70,0,7.52,PF,1604169166
airai,-8.93,125.41,59.97,74,4,2.06,TL,1604169227
cape town,-33.93,18.42,64.4,59,0,18.34,ZA,1604169339
port alfred,-33.59,26.89,64.99,76,84,15.43,ZA,1604169395
palmer,42.16,-72.33,43.0,69,20,3.74,US,1604169127
arraial do cabo,-22.97,-42.03,71.6,88,75,11.41,BR,1604169395
canalete,8.68,-76.2,86.58,70,43,7.52,CO,1604169395
pemba,-12.97,40.52,77.0,83,75,5.82,MZ,1604169395
zhuhai,22.28,113.57,73.4,78,40,9.17,CN,1604169395
bluff,-46.6,168.33,48.99,77,86,5.01,NZ,1604169166
mount isa,-20.73,139.5,71.6,24,0,9.17,AU,1604169362
halifax,44.65,-63.57,45.0,38,0,6.93,CA,1604169180
aleksandrov gay,50.15,48.57,46.65,54,23,4.54,RU,1604169396
veruela,8.07,125.96,73.45,95,100,1.7,PH,1604169396
thabazimbi,-24.59,27.41,75.0,50,2,4.0,ZA,1604169396
avarua,-21.21,-159.78,73.4,88,100,12.75,CK,1604169174
chernyshevskiy,63.01,112.47,-3.8,92,0,2.15,RU,1604169396
camacha,33.08,-16.33,69.8,77,20,6.93,PT,1604169397
isangel,-19.55,169.27,75.16,77,99,15.79,VU,1604169192
mogadishu,2.04,45.34,80.35,80,20,12.68,SO,1604169398
ponta do sol,32.67,-17.1,73.0,83,20,11.41,PT,1604169337
rumonge,-3.97,29.44,74.26,69,100,4.09,BI,1604169398
cabo san lucas,22.89,-109.91,84.99,61,40,11.41,MX,1604169216
nikolskoye,59.7,30.79,39.99,82,98,4.47,RU,1604169182
khatanga,71.97,102.5,-7.46,87,94,7.67,RU,1604168993
dingle,11.0,122.67,75.74,82,100,5.73,PH,1604169399
busselton,-33.65,115.33,61.0,76,100,10.2,AU,1604168995
mayo,38.89,-76.51,48.99,70,90,8.05,US,1604169399
barrow,71.29,-156.79,24.8,73,90,3.36,US,1604169167
kaeo,-35.1,173.78,59.0,97,46,1.99,NZ,1604169399
tual,-5.67,132.75,83.07,77,100,13.35,ID,1604169400
inta,66.03,60.17,32.36,97,100,18.63,RU,1604169400
lompoc,34.64,-120.46,69.8,48,1,3.51,US,1604169163
norman wells,65.28,-126.83,-0.4,84,20,3.36,CA,1604169178
aguimes,27.91,-15.45,82.4,20,0,6.93,ES,1604169400
codrington,-38.27,141.97,45.97,90,36,3.42,AU,1604169226
eureka,40.8,-124.16,55.99,93,75,6.02,US,1604169218
atar,20.52,-13.05,91.36,13,0,9.69,MR,1604169274
jiazi,22.88,116.07,67.23,78,100,13.2,CN,1604169400
hilo,19.73,-155.09,80.01,61,1,6.93,US,1604169043
waddan,29.16,16.14,66.99,58,72,10.83,LY,1604169271
boa vista,2.82,-60.67,93.2,46,75,8.05,BR,1604169401
parrita,9.52,-84.32,77.0,69,40,8.05,CR,1604169401
richards bay,-28.78,32.04,66.11,86,100,7.74,ZA,1604169211
saldanha,-33.01,17.94,62.6,63,0,11.41,ZA,1604169171
georgetown,5.41,100.34,75.2,94,20,4.7,MY,1604169210
elliot,-31.33,27.85,51.21,91,100,2.73,ZA,1604169402
adrar,20.5,-10.07,87.39,13,100,9.82,MR,1604169210
aswan,24.09,32.91,79.36,34,0,11.27,EG,1604169238
grand gaube,-20.01,57.66,64.99,76,13,3.0,MU,1604169402
belyy yar,53.6,91.39,33.8,80,0,4.47,RU,1604169402
hermanus,-34.42,19.23,57.99,75,0,3.0,ZA,1604169164
cassilandia,-19.11,-51.73,84.78,47,95,8.99,BR,1604169403
hofn,64.25,-15.21,42.66,79,100,11.21,IS,1604169181
port lincoln,-34.73,135.87,53.8,87,2,11.83,AU,1604169403
tiksi,71.69,128.87,0.86,92,79,4.83,RU,1604169227
jamestown,42.1,-79.24,43.0,69,90,13.87,US,1604169162
severo-kurilsk,50.68,156.12,42.53,73,91,21.83,RU,1604169199
manosque,43.83,5.79,55.0,90,11,1.54,FR,1604169338
nampula,-15.12,39.27,75.0,88,20,5.82,MZ,1604169403
manokwari,-0.87,134.08,80.53,73,100,4.38,ID,1604169404
bairiki,1.33,172.98,80.6,74,40,11.41,KI,1604169247
menongue,-14.66,17.69,70.54,59,55,7.56,AO,1604169404
ostrovnoy,68.05,39.51,26.74,95,1,13.13,RU,1604169027
mangrol,21.12,70.12,80.58,54,0,2.46,IN,1604169404
carnarvon,-24.87,113.63,69.8,83,40,8.05,AU,1604169067
lowestoft,52.48,1.75,52.0,99,0,3.0,GB,1604169404
lagoa,39.05,-27.98,68.83,92,71,23.87,PT,1604169253
kodiak,57.79,-152.41,32.0,87,1,4.7,US,1604169211
east greenwich,41.66,-71.46,45.0,48,5,8.05,US,1604169405
atuona,-9.8,-139.03,78.31,76,15,18.48,PF,1604168993
rio gallegos,-51.62,-69.22,60.8,41,0,13.87,AR,1604169144
mananjary,-21.22,48.33,66.42,75,94,3.56,MG,1604169405
chingirlau,51.09,54.08,46.22,59,94,7.74,KZ,1604169405
flinders,-34.58,150.86,61.0,89,100,7.0,AU,1604169244
suhbaatar,50.23,106.21,26.2,92,96,1.36,MN,1604169252
torbay,47.67,-52.73,37.0,74,90,12.75,CA,1604168993
vaini,-21.2,-175.2,73.4,88,75,9.17,TO,1604168996
puerto ayora,-0.74,-90.35,77.0,69,75,9.17,EC,1604169176
lebu,-37.62,-73.65,59.92,65,0,9.84,CL,1604169178
jagdalpur,19.07,82.03,64.92,75,0,3.38,IN,1604169406
raudeberg,61.99,5.14,57.2,59,65,24.16,NO,1604169406
butaritari,3.07,172.79,81.39,75,100,16.33,KI,1604169177
hithadhoo,-0.6,73.08,83.64,71,100,8.12,MV,1604169067
kisangani,0.52,25.2,71.69,87,0,1.97,CD,1604169406
cabedelo,-6.98,-34.83,84.2,70,40,13.87,BR,1604169197
vila franca do campo,37.72,-25.43,69.8,94,75,17.22,PT,1604169407
bloemfontein,-29.12,26.21,57.2,93,75,12.75,ZA,1604169148
klaksvik,62.23,-6.59,51.8,93,100,19.46,FO,1604169184
zlobin,45.29,14.65,55.99,93,0,4.45,HR,1604169407
bambous virieux,-20.34,57.76,68.0,77,20,6.93,MU,1604169407
ziyang,29.25,117.85,60.4,74,100,1.63,CN,1604169407
puerto madryn,-42.77,-65.04,82.74,15,0,27.81,AR,1604169408
gradinari,44.39,25.82,45.0,93,99,2.24,RO,1604169408
basco,20.45,121.97,77.76,71,81,25.61,PH,1604169223
ibra,22.69,58.53,61.77,35,0,1.86,OM,1604169408
svetlyy,54.67,20.13,46.4,93,90,2.24,RU,1604169408
qaanaaq,77.48,-69.36,10.56,84,97,7.14,GL,1604169183
newport,51.59,-3.0,53.01,83,100,1.01,GB,1604169215
deputatskiy,69.3,139.9,-10.23,90,73,4.99,RU,1604169209
awbari,26.59,12.78,60.84,52,0,3.04,LY,1604169183
chokurdakh,70.63,147.92,-5.33,92,97,7.99,RU,1604169198
sao filipe,14.9,-24.5,80.82,64,97,15.88,CV,1604169409
antofagasta,-23.65,-70.4,68.0,63,75,14.99,CL,1604169387
aksu,41.12,80.26,41.31,60,0,1.77,CN,1604169409
landeck,47.13,10.56,46.99,53,0,4.7,AT,1604169409
alofi,-19.06,-169.92,73.4,94,86,13.87,NU,1604169212
warmbad,-28.45,18.73,76.64,18,0,16.06,NA,1604169409
saryozek,44.36,77.98,37.81,64,0,2.75,KZ,1604169409
quebo,11.33,-14.93,80.26,66,12,4.34,GW,1604169410
pano aqil,27.86,69.11,68.0,72,0,2.66,PK,1604169410
warrnambool,-38.38,142.48,48.99,93,37,3.74,AU,1604169410
hovd,48.01,91.64,26.58,85,0,1.66,MN,1604169410
gilbues,-9.83,-45.34,79.72,74,97,5.68,BR,1604169410
albany,42.6,-73.97,44.01,68,0,5.39,US,1604169156
port said,31.26,32.28,77.0,69,40,11.41,EG,1604169411
talnakh,69.49,88.4,19.4,92,90,35.79,RU,1604169183
panaba,21.28,-88.27,80.49,86,89,11.86,MX,1604169221
dourbali,11.81,15.86,88.27,19,2,10.16,TD,1604169411
yellowknife,62.46,-114.35,19.99,92,90,17.22,CA,1604169004
aquiraz,-3.9,-38.39,86.0,66,20,14.99,BR,1604169341
brad,46.13,22.78,41.59,85,0,2.06,RO,1604169411
tailai,46.38,123.4,37.89,69,3,13.62,CN,1604169412
tupiza,-21.45,-65.72,67.6,26,18,12.62,BO,1604169412
sosnovo-ozerskoye,52.52,111.54,19.09,93,78,5.97,RU,1604169412
santa fe,-31.63,-60.7,82.0,24,0,1.99,AR,1604169412
kamariotissa,40.48,25.47,59.0,77,20,8.61,GR,1604169412
ribeirao preto,-21.18,-47.81,84.2,45,75,12.75,BR,1604169412
olafsvik,64.89,-23.71,43.57,77,15,7.92,IS,1604169004
ode,7.79,5.71,77.16,54,67,0.98,NG,1604169413
komarikhinskiy,58.1,57.12,35.6,100,90,11.18,RU,1604169413
cayenne,4.93,-52.33,89.6,62,100,12.75,GF,1604169199
ponta delgada,37.73,-25.67,69.8,94,75,17.22,PT,1604169160
pevek,69.7,170.31,12.78,96,99,10.04,RU,1604168991
bredasdorp,-34.53,20.04,57.2,71,0,6.93,ZA,1604169174
kapaa,22.08,-159.32,75.2,83,1,5.82,US,1604169197
veinticinco de mayo,-35.43,-60.17,75.0,32,0,4.0,AR,1604169413
shingu,33.73,135.98,57.87,67,33,6.78,JP,1604168995
tigzirt,36.89,4.12,65.48,69,58,6.69,DZ,1604169414
bengkulu,-3.8,102.27,76.26,88,100,4.38,ID,1604169231
cidreira,-30.18,-50.21,66.88,63,100,10.02,BR,1604169172
saskylakh,71.92,114.08,-5.17,83,2,6.38,RU,1604169171
ternate,0.8,127.4,81.7,76,36,7.54,ID,1604169414
maracaibo,10.63,-71.64,87.28,66,75,3.98,VE,1604169160
carutapera,-1.2,-46.02,85.35,63,81,9.73,BR,1604169414
alexandroupoli,40.85,25.87,59.0,77,20,6.78,GR,1604169308
hellvik,59.92,5.78,57.2,50,75,25.28,NO,1604169414
kailua,21.4,-157.74,79.0,65,20,2.17,US,1604169415
athabasca,54.72,-113.29,30.2,79,84,5.82,CA,1604169415
bogale,16.28,95.4,75.76,93,74,2.93,MM,1604169415
fairbanks,64.84,-147.72,6.01,84,90,2.13,US,1604169032
castro,-24.79,-50.01,61.52,76,99,7.34,BR,1604168936
baghdad,33.34,44.4,75.2,27,0,10.29,IQ,1604169236
udachnyy,66.42,112.4,1.4,91,0,2.24,RU,1604169415
necochea,-38.55,-58.74,65.68,50,0,9.04,AR,1604169211
majene,-3.54,118.97,77.68,82,97,3.74,ID,1604169208
turinsk,58.05,63.7,36.27,97,100,10.74,RU,1604169416
kruisfontein,-34.0,24.73,63.0,78,53,7.43,ZA,1604169167
komsomolskiy,40.43,71.72,42.8,38,0,6.93,UZ,1604169240
sept-iles,50.2,-66.38,34.0,40,0,8.05,CA,1604169280
misratah,32.38,15.09,70.39,64,9,11.03,LY,1604169416
matara,5.95,80.54,77.52,86,87,6.6,LK,1604169245
grootfontein,-19.57,18.12,79.95,33,100,3.69,NA,1604169416
caninde,-4.36,-39.31,96.58,31,98,8.99,BR,1604169417
san carlos de bariloche,-41.15,-71.31,78.8,10,0,13.87,AR,1604169417
shimoda,34.67,138.95,57.09,59,39,7.52,JP,1604169009
jertih,5.73,102.49,78.8,88,20,3.36,MY,1604169417
bandarbeyla,9.49,50.81,77.61,82,37,12.82,SO,1604169058
bago,17.34,96.48,78.8,94,20,2.24,MM,1604169417
mahebourg,-20.41,57.7,68.0,77,20,6.93,MU,1604169217
petropavlovsk-kamchatskiy,53.05,158.65,41.0,60,100,13.42,RU,1604169249
asfi,32.3,-9.24,69.46,71,0,13.11,MA,1604169418
ancud,-41.87,-73.82,72.0,56,0,8.05,CL,1604169187
elesbao veloso,-6.2,-42.14,97.99,28,100,3.83,BR,1604169418
victoria,22.29,114.16,73.0,78,17,1.01,HK,1604168926
yulara,-25.24,130.99,66.2,25,0,6.93,AU,1604169003
leningradskiy,69.38,178.42,18.46,92,92,10.18,RU,1604168998
progreso,21.28,-89.67,84.0,74,75,6.93,MX,1604169418
clyde river,70.47,-68.59,14.0,92,90,12.75,CA,1604169352
san cristobal,7.77,-72.22,87.8,62,40,12.75,VE,1604169419
sambava,-14.27,50.17,71.01,78,13,13.27,MG,1604169097
oliver,49.18,-119.55,44.6,45,6,1.12,CA,1604169419
lithgow,-33.48,150.15,46.99,93,94,3.29,AU,1604169419
novobirilyussy,56.95,90.67,24.8,98,100,5.84,RU,1604169419
fort nelson,58.81,-122.7,17.6,92,75,3.36,CA,1604169420
uzventis,55.78,22.65,46.99,93,90,2.24,LT,1604169420
kermanshah,34.31,47.06,50.0,10,0,4.7,IR,1604169420
harnosand,62.63,17.94,42.8,93,70,2.24,SE,1604169420
bowmore,34.94,-79.3,62.6,51,40,10.29,US,1604169420
inhumas,-16.36,-49.5,71.6,88,90,10.29,BR,1604169420
provideniya,64.38,-173.3,21.15,87,99,6.71,RU,1604169179
gallup,35.53,-108.74,62.6,35,1,4.47,US,1604169421
makakilo city,21.35,-158.09,77.0,78,1,3.36,US,1604169397
sfantu gheorghe,45.87,25.78,39.99,82,95,3.78,RO,1604169421
ulverstone,-41.15,146.17,46.0,77,0,4.0,AU,1604169421
cairns,-16.92,145.77,70.0,94,40,3.56,AU,1604169271
balkanabat,39.51,54.37,67.78,24,2,6.24,TM,1604169421
baniachang,24.52,91.37,75.7,87,100,5.01,BD,1604169422
zapolyarnyy,69.42,30.81,30.2,80,100,24.16,RU,1604169422
puerto lempira,15.27,-83.77,83.68,76,84,10.2,HN,1604169422
luanda,-8.84,13.23,78.8,83,75,8.05,AO,1604169332
virginia beach,36.85,-75.98,59.0,67,97,9.42,US,1604169099
bardiyah,31.76,25.09,69.51,61,12,6.02,LY,1604169422
wanaka,-44.7,169.15,44.53,71,37,7.23,NZ,1604169222
chuy,-33.7,-53.46,63.81,63,12,9.62,UY,1604169170
kropotkin,45.44,40.58,60.89,68,100,10.49,RU,1604169421
rawalpindi,33.6,73.07,62.01,38,0,5.82,PK,1604169423
ninh binh,20.25,105.97,70.61,92,0,2.91,VN,1604169423
tanabe,33.73,135.37,56.37,71,14,7.65,JP,1604169131
louth,53.37,0.0,51.8,76,0,14.99,GB,1604169158
souillac,-20.52,57.52,68.0,77,20,6.93,MU,1604169168
kavieng,-2.57,150.8,82.89,77,40,10.6,PG,1604169424
machacamarca,-18.17,-67.03,65.39,24,1,8.59,BO,1604169424
tuktoyaktuk,69.45,-133.04,-4.0,83,40,4.7,CA,1604169210
kloulklubed,7.04,134.26,82.4,74,90,4.7,PW,1604169414
datong,40.09,113.29,37.92,62,1,4.68,CN,1604169424
qasigiannguit,68.82,-51.19,19.4,67,75,6.93,GL,1604169173
bilma,18.69,12.92,75.02,20,0,8.37,NE,1604169425
rudbar,30.15,62.6,50.34,39,0,3.02,AF,1604169425
coquimbo,-29.95,-71.34,59.0,77,40,11.41,CL,1604169212
thompson,55.74,-97.86,17.6,72,90,16.11,CA,1604169190
walvis bay,-22.96,14.51,60.8,72,22,5.82,NA,1604169425
savannah bight,16.45,-85.85,84.2,79,75,4.92,HN,1604169425
lamar,33.67,-95.58,64.0,55,1,9.17,US,1604169426
tabou,4.42,-7.35,78.44,86,100,5.23,CI,1604169426
new norfolk,-42.78,147.06,55.4,66,90,6.93,AU,1604169426
yeniseysk,58.45,92.17,17.29,95,100,6.08,RU,1604169412
vila,42.03,-8.16,60.01,93,95,7.0,PT,1604169426
qeshm,26.96,56.27,71.6,73,0,4.7,IR,1604169426
hamilton,39.18,-84.53,55.0,50,1,9.17,US,1604168994
ereymentau,51.62,73.1,31.84,87,0,7.47,KZ,1604169426
inirida,3.87,-67.92,83.05,80,100,1.43,CO,1604169427
mar del plata,-38.0,-57.56,66.2,59,0,14.99,AR,1604169427
saint anthony,45.02,-93.22,55.0,58,75,16.11,US,1604169427
batangafo,7.3,18.28,75.81,76,5,4.32,CF,1604169427
bijie,27.31,105.29,51.4,93,100,5.5,CN,1604169427
karwar,14.8,74.13,77.22,80,11,5.35,IN,1604169427
soyo,-6.13,12.37,78.26,84,88,11.45,AO,1604169204
haines junction,60.75,-137.51,14.0,72,100,1.12,CA,1604169203
roros,62.57,11.38,35.6,93,100,8.05,NO,1604169411
geraldton,-28.77,114.6,66.2,77,40,11.41,AU,1604169165
jaciara,-15.97,-54.97,82.17,77,91,7.78,BR,1604169428
kahului,20.89,-156.47,80.6,61,1,2.62,US,1604169194
kaifeng,34.79,114.35,62.6,38,0,8.95,CN,1604169428
ilulissat,69.22,-51.1,19.4,67,75,6.93,GL,1604169196
jumla,29.27,82.18,47.19,54,1,5.86,NP,1604169409
vung tau,10.35,107.08,80.42,83,100,12.86,VN,1604169429
pacific grove,36.62,-121.92,69.8,48,1,3.36,US,1604169429
arlit,18.74,7.39,82.99,17,0,19.64,NE,1604169429
gazanjyk,39.24,55.52,63.03,27,8,8.34,TM,1604169429
mentakab,3.49,102.35,74.75,95,36,0.38,MY,1604169429
hami,42.8,93.45,37.54,64,0,5.39,CN,1604169022
rocha,-34.48,-54.33,62.55,64,1,9.53,UY,1604169057
meadow lake,34.8,-106.54,64.0,47,40,5.68,US,1604169429
jijiga,9.35,42.8,61.41,88,18,6.58,ET,1604169429
tecoanapa,16.52,-98.75,85.28,65,43,8.39,MX,1604169333
saint-georges,12.06,-61.75,78.8,94,75,13.87,GD,1604169209
touros,-5.2,-35.46,86.0,62,40,16.11,BR,1604169225
gunjur,13.2,-16.73,86.0,79,0,3.04,GM,1604169242
badou,7.58,0.6,77.36,73,90,1.63,TG,1604169430
ipixuna,-1.76,-48.8,86.0,74,40,12.75,BR,1604169430
nanortalik,60.14,-45.24,28.2,89,52,18.52,GL,1604169208
zhangzhou,24.51,117.66,68.0,60,0,2.24,CN,1604169430
ahipara,-35.17,173.17,63.43,93,42,4.0,NZ,1604169198
roura,4.73,-52.33,89.6,62,100,12.75,GF,1604169431
kudahuvadhoo,2.67,72.89,83.08,72,81,6.35,MV,1604169431
bonthe,7.53,-12.51,79.97,79,0,5.93,SL,1604169431
beringovskiy,63.05,179.32,18.91,94,100,11.52,RU,1604169237
korla,41.76,86.15,39.0,66,0,5.01,CN,1604169431
nyurba,63.28,118.33,-2.81,92,88,3.15,RU,1604169431
praya,14.92,-23.51,80.6,69,75,25.28,CV,1604169178
leshukonskoye,64.9,45.76,30.42,97,0,5.64,RU,1604169432
san patricio,28.02,-97.52,78.01,50,40,3.69,US,1604169220
irbit,57.67,63.07,36.01,95,100,9.93,RU,1604169432
hasaki,35.73,140.83,42.8,93,20,4.7,JP,1604169196
kavaratti,10.57,72.64,82.56,66,0,2.55,IN,1604169432
laguna,38.42,-121.42,66.99,45,1,4.23,US,1604169206
ranong,9.97,98.63,78.26,82,38,1.68,TH,1604169432
stolin,51.89,26.85,46.58,87,73,10.11,BY,1604169433
karatau,43.17,70.47,36.59,76,0,1.48,KZ,1604169433
dalbandin,28.89,64.41,53.28,31,0,3.87,PK,1604169433
ejido,8.55,-71.24,76.68,59,99,4.94,VE,1604169433
sao jose da coroa grande,-8.9,-35.15,80.67,76,100,10.49,BR,1604169433
paita,-5.09,-81.11,75.2,69,0,12.75,PE,1604169433
la ronge,55.1,-105.28,21.2,79,71,8.05,CA,1604169433
goias,-15.58,-49.64,73.54,86,100,6.38,BR,1604169434
leninskoye,41.76,69.39,44.6,42,100,6.93,KZ,1604169434
igarka,67.47,86.58,15.35,96,100,29.82,RU,1604168945
belawan,3.78,98.68,76.17,92,95,6.76,ID,1604169434
mbandaka,0.05,18.26,73.94,91,62,0.76,CD,1604169434
salalah,17.02,54.09,77.0,31,0,3.36,OM,1604169184
copiapo,-27.37,-70.33,66.2,55,0,9.17,CL,1604169297
mantua,45.17,10.78,54.0,93,100,2.24,IT,1604169435
hirara,24.8,125.28,76.89,75,0,22.79,JP,1604169435
niles,42.02,-87.8,55.99,46,1,20.8,US,1604169287
tasiilaq,65.61,-37.64,33.8,86,75,2.24,GL,1604169162
kapoeta,4.77,33.59,82.45,39,4,7.67,SS,1604169435
mahon,39.89,4.27,62.6,82,0,5.82,ES,1604169436
pangnirtung,66.15,-65.71,19.4,52,75,3.36,CA,1604169212
tomatlan,19.93,-105.25,90.39,52,0,6.53,MX,1604169436
abalak,58.13,68.59,33.76,92,100,9.37,RU,1604169436
daliang,22.85,113.25,73.99,84,0,4.21,CN,1604169340
ayan,56.45,138.17,26.64,88,100,9.98,RU,1604169428
launceston,-41.45,147.17,48.0,93,40,4.7,AU,1604169218
ust-nera,64.57,143.2,-3.96,81,100,2.53,RU,1604169437
yurty,56.05,97.63,15.51,89,0,0.45,RU,1604169437
aranos,-24.13,19.12,79.52,35,94,6.49,NA,1604169437
diego de almagro,-26.37,-70.05,81.05,15,50,17.16,CL,1604169437
grindavik,63.84,-22.43,39.2,93,75,4.7,IS,1604169255
port hawkesbury,45.62,-61.35,39.99,64,90,10.29,CA,1604169437
san ramon,37.78,-121.98,71.01,39,1,4.7,US,1604169351
alihe,50.57,123.72,26.46,95,100,9.86,CN,1604169438
sinjar,36.32,41.88,61.65,28,0,4.76,IQ,1604169438
vardo,70.37,31.11,35.94,84,100,18.23,NO,1604169438
formosa,-26.18,-58.18,84.2,32,0,12.75,AR,1604169438
bidar,17.9,77.55,67.75,64,0,4.81,IN,1604169438
labuhan,-6.88,112.21,75.15,93,100,4.25,ID,1604169401
delta del tigre,-34.76,-56.39,66.99,63,20,13.87,UY,1604169439
sao francisco,-15.95,-44.86,76.68,77,100,5.53,BR,1604169439
upernavik,72.79,-56.15,16.14,94,72,12.62,GL,1604168995
punta alta,-38.88,-62.07,75.92,24,0,7.92,AR,1604169439
sundargarh,22.12,84.03,70.79,67,0,3.04,IN,1604169439
gamba,-2.65,10.0,77.29,89,99,6.67,GA,1604169396
kyren,51.68,102.14,22.37,91,99,0.83,RU,1604169277
naze,28.37,129.48,68.0,77,23,3.36,JP,1604169202
juneau,58.3,-134.42,44.6,81,90,27.51,US,1604169440
saint george,37.1,-113.58,57.2,24,1,0.76,US,1604169308
pozo colorado,-23.49,-58.8,85.62,33,0,7.78,PY,1604169440
amarante,-6.24,-42.85,95.25,36,100,6.8,BR,1604169440
muros,42.78,-9.06,64.0,89,100,11.99,ES,1604169200
whitehorse,60.72,-135.05,14.0,78,90,9.17,CA,1604169289
ushuaia,-54.8,-68.3,55.4,58,75,5.82,AR,1604168952
waipawa,-41.41,175.52,57.99,87,24,10.29,NZ,1604169438
victor harbor,-35.57,138.62,55.99,80,14,8.05,AU,1604169441
sturgeon bay,44.83,-87.38,48.2,65,20,29.97,US,1604169441
kashin,57.36,37.61,42.73,90,100,8.46,RU,1604169441
troitsko-pechorsk,62.71,56.2,31.68,96,99,7.2,RU,1604169441
henties bay,-22.12,14.28,57.0,88,98,5.01,NA,1604169441
altay,47.87,88.12,25.03,82,0,1.72,CN,1604169187
pandan,14.05,124.17,82.31,83,100,58.38,PH,1604169442
huangmei,30.19,116.03,59.97,89,100,2.24,CN,1604169442
yertsevo,60.8,40.09,29.43,98,0,3.29,RU,1604169442
worland,44.02,-107.96,51.8,34,1,10.29,US,1604169442
garissa,-0.45,39.64,80.37,65,0,19.06,KE,1604169442
lorengau,-2.02,147.27,81.18,77,8,6.17,PG,1604169180
sibu,2.3,111.82,75.2,94,20,4.7,MY,1604169204
gualaquiza,-3.4,-78.55,81.95,49,46,4.14,EC,1604169442
cordele,31.96,-83.78,68.0,49,90,11.41,US,1604169432
anjar,23.13,70.02,80.49,33,19,6.24,IN,1604169443
havre-saint-pierre,50.23,-63.6,30.2,68,0,25.28,CA,1604169350
gogrial,8.53,28.1,78.55,66,6,1.68,SS,1604169443
road town,18.42,-64.62,86.0,66,40,10.29,VG,1604169443
anloga,5.79,0.9,82.4,83,20,9.17,GH,1604169443
yerbogachen,61.28,108.01,1.29,92,0,2.93,RU,1604169327
viedma,-40.81,-63.0,86.0,18,0,5.99,AR,1604169205
quatre cocos,-20.21,57.76,68.0,77,20,6.93,MU,1604169444
pangkalanbuun,-2.68,111.62,73.58,98,75,1.52,ID,1604169444
khandyga,62.67,135.6,-9.42,86,0,2.04,RU,1604169444
santarem,-2.44,-54.71,93.2,46,0,11.41,BR,1604169328
taltal,-25.4,-70.48,64.98,55,42,6.71,CL,1604169444
berdigestyakh,62.1,126.7,-11.92,89,0,2.3,RU,1604169444
general roca,-39.03,-67.58,86.0,19,0,11.41,AR,1604169444
marsa matruh,31.35,27.25,71.6,60,40,9.17,EG,1604169444
ughelli,5.49,6.01,77.52,89,100,5.14,NG,1604169445
patti,31.28,74.86,62.6,87,0,3.78,IN,1604169445
bodden town,19.28,-81.25,88.0,70,20,12.75,KY,1604169445
salinas,36.68,-121.66,69.8,32,1,10.29,US,1604169445
wilmington,34.23,-77.94,68.0,45,1,11.41,US,1604169406
mugur-aksy,50.35,90.5,18.14,88,0,3.8,RU,1604169445
florianopolis,-27.61,-48.5,71.01,60,40,12.75,BR,1604169446
north platte,41.12,-100.77,62.6,29,1,20.8,US,1604169356
yar-sale,66.83,70.83,26.26,96,0,13.31,RU,1604169227
ankpa,7.37,7.63,78.13,59,2,1.57,NG,1604169446
havelock,34.88,-76.9,64.99,48,1,10.29,US,1604169446
baykit,61.67,96.37,0.77,89,59,2.57,RU,1604169436
flin flon,54.77,-101.86,19.4,73,75,20.8,CA,1604169446
ginir,7.13,40.7,58.28,96,61,5.39,ET,1604169446
ivanava,52.15,25.54,43.07,92,23,6.69,BY,1604169446
srednekolymsk,67.45,153.68,4.23,94,100,1.9,RU,1604169205
ngaoundere,7.32,13.58,70.74,59,10,2.51,CM,1604169447
buchanan,5.88,-10.05,78.87,85,100,6.24,LR,1604169447
perelyub,51.87,50.37,46.49,59,96,2.77,RU,1604169447
ixtapa,20.7,-105.2,86.0,66,5,8.05,MX,1604169209
narsaq,60.92,-46.05,28.4,74,40,1.48,GL,1604169181
nioro,13.35,-15.75,84.69,37,100,3.65,GM,1604169447
kamina,-8.74,24.99,66.27,81,7,4.27,CD,1604169448
pisco,-13.7,-76.22,69.8,73,0,6.93,PE,1604169264
simao,22.79,100.97,61.05,95,18,1.63,CN,1604169448
les escoumins,48.11,-69.02,35.6,47,0,9.17,CA,1604169448
cockburn town,21.46,-71.14,86.0,66,40,13.87,TC,1604169448
wamba,8.93,8.6,77.54,47,1,1.36,NG,1604169448
sobolevo,54.43,31.9,46.36,84,100,11.36,RU,1604168998
goure,13.98,10.27,84.0,21,0,3.0,NE,1604169448
okhotsk,59.38,143.3,15.33,86,0,12.82,RU,1604169126
moerai,-22.43,-151.33,73.65,82,100,22.01,PF,1604169239
stornoway,58.21,-6.39,46.99,87,100,42.5,GB,1604169449
bundi,25.44,75.64,70.09,22,0,5.59,IN,1604169449
vallenar,-28.57,-70.76,83.17,21,0,8.81,CL,1604169034
cabra,37.47,-4.44,68.0,60,0,4.7,ES,1604169242
rio brilhante,-21.8,-54.55,79.41,59,95,7.11,BR,1604169449
ginda,30.69,78.49,52.63,42,0,6.15,IN,1604169449
qaqortoq,60.72,-46.03,28.4,74,40,1.3,GL,1604169449
colesberg,-30.72,25.1,61.05,62,99,12.3,ZA,1604169450
rawson,-43.3,-65.1,78.57,20,0,8.21,AR,1604169177
dudinka,69.41,86.18,19.4,92,90,35.79,RU,1604169450
kem,64.96,34.58,30.69,95,1,8.86,RU,1604169408
talcahuano,-36.72,-73.12,59.0,77,75,12.75,CL,1604169305
montrose,38.42,-108.27,57.99,53,1,3.36,US,1604169450
passy,45.92,6.69,44.01,86,0,4.18,FR,1604169450
guayaramerin,-10.84,-65.36,80.6,61,90,6.93,BO,1604169451
paamiut,61.99,-49.67,28.13,89,73,15.46,GL,1604169193
balkhash,46.84,74.98,40.64,64,0,7.94,KZ,1604169452
brewster,41.4,-73.62,46.0,41,1,3.36,US,1604169245
teya,60.38,92.63,11.84,90,100,5.3,RU,1604169452
watsa,3.04,29.54,65.32,96,77,1.63,CD,1604169453
dunedin,-45.87,170.5,51.01,74,3,4.0,NZ,1604169072
palencia,42.42,-4.5,54.0,90,92,1.99,ES,1604169453
bokajan,26.02,93.78,72.54,96,100,3.42,IN,1604169454
samarai,-10.62,150.67,80.55,84,100,8.7,PG,1604169164
saint-philippe,-21.36,55.77,68.0,64,40,6.93,RE,1604169183
avera,33.19,-82.53,62.6,59,90,6.93,US,1604169029
namatanai,-3.67,152.43,80.17,79,37,6.29,PG,1604169335
honningsvag,70.98,25.97,40.48,76,100,15.84,NO,1604169455
usinsk,65.99,57.53,32.68,96,100,19.33,RU,1604169455
mercedes,-34.65,-59.43,73.0,39,0,1.99,AR,1604169455
aklavik,68.22,-135.01,-4.0,83,75,3.36,CA,1604169181
banda aceh,5.56,95.32,80.64,74,100,5.97,ID,1604169455
jibuti,11.5,42.5,84.2,66,20,6.93,DJ,1604169264
windhoek,-22.56,17.08,80.6,19,0,10.29,NA,1604169393
turukhansk,65.82,87.98,17.22,97,100,20.76,RU,1604169422
faya,18.39,42.45,64.4,77,0,1.86,SA,1604169251
hailey,43.52,-114.32,50.0,24,5,3.36,US,1604169456
lasa,46.62,10.7,48.0,40,0,4.7,IT,1604169035
surt,31.21,16.59,70.75,65,24,10.74,LY,1604169456
huarmey,-10.07,-78.15,69.04,66,100,9.28,PE,1604169233
salinopolis,-0.61,-47.36,84.49,69,21,12.75,BR,1604169184
niquero,20.04,-77.58,85.33,75,18,9.78,CU,1604169397
suraabad,40.82,49.47,66.2,93,75,9.17,AZ,1604169456
ambilobe,-13.2,49.05,72.84,63,28,7.27,MG,1604169457
tuatapere,-46.13,167.68,48.99,77,43,5.01,NZ,1604169194
sola,-13.88,167.55,82.4,83,75,9.17,VU,1604169457
san pablo,14.07,121.33,79.0,78,75,3.36,PH,1604169457
skeldon,5.88,-57.13,88.54,59,14,9.8,GY,1604169457
biltine,14.53,20.92,84.54,22,2,9.95,TD,1604169457
roebourne,-20.78,117.13,70.11,79,0,10.13,AU,1604169428
takab,36.4,47.11,50.52,39,0,3.4,IR,1604169458
jinxiang,27.43,120.61,61.72,84,5,7.74,CN,1604169458
samoded,63.61,40.51,29.77,97,0,3.06,RU,1604169458
porto walter,-8.27,-72.74,74.43,79,100,4.92,BR,1604169458
porbandar,21.64,69.61,80.92,52,0,13.65,IN,1604169458
yeppoon,-23.13,150.73,73.4,83,75,4.7,AU,1604169233
svetlogorsk,52.63,29.73,46.22,92,55,10.4,BY,1604169458
gari,59.43,62.35,34.9,96,100,7.4,RU,1604169459
west linton,55.75,-3.36,51.8,71,75,29.97,GB,1604169459
sangar,63.92,127.47,-14.82,89,57,3.11,RU,1604169268
rolla,37.95,-91.77,64.0,44,1,13.87,US,1604169459
tagusao,9.19,117.81,78.89,80,100,5.26,PH,1604169404
diffa,13.32,12.61,82.76,19,0,6.58,NE,1604169459
arman,59.7,150.17,32.94,95,100,4.7,RU,1604169194
caravelas,-17.71,-39.25,72.95,97,100,2.8,BR,1604169257
brae,60.4,-1.35,53.6,81,100,35.57,GB,1604169460
thai binh,20.45,106.33,71.6,94,1,4.7,VN,1604169460
vilyuysk,63.76,121.62,-9.74,90,69,3.38,RU,1604169460
cherskiy,68.75,161.3,8.06,88,86,3.42,RU,1604169186
trairi,-3.28,-39.27,83.97,67,100,14.38,BR,1604169233
zhangjiakou,40.81,114.88,37.76,61,0,7.92,CN,1604169211
san pedro de ycuamandiyu,-24.09,-57.08,85.69,38,65,6.98,PY,1604169460
isla mujeres,21.23,-86.73,82.4,83,90,16.11,MX,1604169460
maragogi,-9.01,-35.22,80.31,77,100,10.69,BR,1604169416
honiara,-9.43,159.95,75.2,94,20,3.24,SB,1604169182
holoby,51.09,25.01,44.01,98,0,11.01,UA,1604169461
pavlogradka,54.2,73.56,35.6,82,0,9.37,RU,1604169461
tilichiki,60.47,166.1,24.76,98,99,6.29,RU,1604169262
nadym,65.53,72.52,29.55,97,100,13.15,RU,1604169461
borovoy,55.43,86.08,32.0,96,90,6.71,RU,1604169461
bell ville,-32.63,-62.69,79.0,25,0,4.0,AR,1604169462
suffolk,40.87,-72.8,46.99,45,1,5.82,US,1604169462
miguel auza,24.29,-103.45,72.68,25,29,3.22,MX,1604169462
marshall,34.38,-86.33,64.99,51,1,3.36,US,1604169462
kati,12.74,-8.07,87.8,29,0,5.82,ML,1604169462
alice springs,-23.7,133.88,64.4,31,93,8.05,AU,1604169192
katobu,-4.94,122.53,75.45,89,100,2.57,ID,1604169207
mangai,-4.05,19.53,74.17,86,18,1.61,CD,1604169462
alta floresta,-9.88,-56.09,87.8,62,75,4.7,BR,1604169245
nuuk,64.18,-51.72,23.0,73,75,2.24,GL,1604169463
pictou,45.68,-62.72,41.0,56,14,23.04,CA,1604169463
ximei,24.96,118.38,68.0,60,0,2.24,CN,1604169463
acapulco,16.86,-99.89,87.8,66,75,8.05,MX,1604168990
natal,-5.79,-35.21,86.0,70,40,14.99,BR,1604169383
faanui,-16.48,-151.75,78.82,74,30,20.47,PF,1604169247
berezovyy,51.67,135.7,32.2,97,100,3.09,RU,1604169464
teguldet,57.31,88.17,32.92,96,100,8.23,RU,1604169464
morros,-9.45,-46.3,80.13,76,93,3.27,BR,1604169464
xuddur,4.12,43.89,75.15,78,1,8.7,SO,1604169464
aripuana,-9.17,-60.63,81.57,90,100,3.62,BR,1604169456
sulphur springs,33.14,-95.6,68.0,48,1,6.93,US,1604169333
san quintin,30.48,-115.95,75.74,39,97,6.22,MX,1604169251
vanavara,60.34,102.28,-1.64,92,0,2.3,RU,1604169465
poronaysk,49.22,143.12,36.79,81,100,2.46,RU,1604169458
olga,43.74,135.29,46.44,90,96,5.57,RU,1604169465
tiarei,-17.53,-149.33,82.4,65,20,4.7,PF,1604169465
beloha,-25.17,45.05,68.05,74,0,11.21,MG,1604169195
moose factory,51.26,-80.61,37.4,69,20,16.11,CA,1604169465
nhulunbuy,-12.23,136.77,75.2,83,0,8.3,AU,1604169465
malanje,-9.54,16.34,68.13,88,75,2.44,AO,1604169465
roald,62.58,6.13,53.6,58,0,14.99,NO,1604169420
taoudenni,22.68,-3.98,82.98,15,100,9.51,ML,1604169173
pemangkat,1.17,108.97,78.8,82,100,2.21,ID,1604169242
aksarka,66.56,67.8,27.88,96,26,15.05,RU,1604169392
samarkand,39.65,66.96,48.2,36,100,2.24,UZ,1604169466
wana,32.3,69.57,52.68,35,0,3.36,PK,1604169466
omsukchan,62.53,155.8,13.39,94,100,6.64,RU,1604169400
puerto madero,14.72,-92.42,89.6,62,20,4.7,MX,1604169466
sur,22.57,59.53,70.63,57,0,1.01,OM,1604169262
port blair,11.67,92.75,79.99,82,0,7.49,IN,1604169417
waitara,-38.92,174.25,52.0,90,77,5.99,NZ,1604169467
nordfjordeid,61.91,5.99,57.2,66,67,24.16,NO,1604169467
terney,45.05,136.61,42.82,78,64,5.01,RU,1604169467
margate,51.38,1.39,53.01,81,0,1.99,GB,1604169414
broome,42.25,-75.83,41.0,64,90,6.93,US,1604169319
quthing,-30.4,27.7,54.3,80,100,5.88,LS,1604169467
roanoke rapids,36.46,-77.65,59.0,71,75,3.36,US,1604169467
florence,43.77,11.25,60.8,77,75,1.12,IT,1604169190
belur,13.17,75.87,67.1,87,82,3.62,IN,1604169468
luoyang,34.68,112.45,54.43,36,67,5.68,CN,1604169468
akbarpur,26.42,82.55,72.57,36,34,6.4,IN,1604169468
belmonte,-15.86,-38.88,82.4,69,75,18.34,BR,1604169214
otukpo,7.19,8.13,78.31,73,17,3.22,NG,1604169468
vrangel,42.73,133.08,54.36,83,74,16.82,RU,1604169459
kangaatsiaq,68.31,-53.46,23.97,97,98,9.6,GL,1604169167
dhamtari,20.71,81.55,71.6,56,0,3.36,IN,1604169468
dukat,62.55,155.55,11.89,96,100,5.59,RU,1604169433
ilebo,-4.32,20.58,73.8,89,99,2.33,CD,1604169469
barceloneta,18.45,-66.54,82.99,84,51,1.01,PR,1604169469
pimenta bueno,-11.67,-61.19,87.42,48,90,3.2,BR,1604169469
kupang,-10.17,123.58,79.68,76,99,3.87,ID,1604169184
singkang,2.1,102.8,78.8,94,40,2.19,MY,1604169469
prince rupert,54.32,-130.32,46.4,93,90,16.11,CA,1604169469
cape canaveral,28.41,-80.6,82.99,58,1,11.41,US,1604169318
constitucion,-35.33,-72.42,65.89,59,8,6.6,CL,1604169019
sarahan,31.52,77.8,47.14,50,0,5.21,IN,1604169469
balikpapan,-1.27,116.83,75.61,91,100,5.86,ID,1604169399
shaunavon,49.65,-108.42,32.0,69,0,23.04,CA,1604169470
kyra,49.58,111.98,22.55,84,0,8.46,RU,1604169470
malabo,3.75,8.78,80.6,83,40,2.24,GQ,1604169470
vestmanna,62.16,-7.17,51.8,93,100,19.46,FO,1604169470
valparaiso,-33.04,-71.63,59.0,100,90,8.05,CL,1604169318
navrongo,10.9,-1.09,86.31,24,12,4.23,GH,1604169470
iqaluit,63.75,-68.51,19.4,79,90,4.7,CA,1604168972
inhambane,-23.86,35.38,77.0,73,40,6.93,MZ,1604169047
san jose,37.34,-121.89,72.0,48,20,2.91,US,1604169300
la rioja,42.25,-2.5,61.0,71,0,6.15,ES,1604169471
glasgow,55.87,-4.26,50.0,81,98,25.28,GB,1604169429
jitra,6.27,100.42,78.8,88,20,2.24,MY,1604169471
merauke,-8.47,140.33,76.57,86,63,12.24,ID,1604169412
lodwar,3.12,35.6,86.38,39,0,15.41,KE,1604169471
kenai,60.55,-151.26,10.4,72,1,7.63,US,1604169313
devgarh,25.53,73.9,67.35,24,0,1.54,IN,1604169472
puerto leguizamo,-0.19,-74.78,82.42,89,100,3.27,CO,1604169472
prince george,53.92,-122.75,36.0,86,90,11.41,CA,1604169472
husavik,66.04,-17.34,37.4,74,0,5.82,IS,1604169214
chukhloma,58.75,42.68,32.09,96,19,6.44,RU,1604169472
kysyl-syr,63.9,122.76,-8.81,90,85,3.8,RU,1604169472
te anau,-45.42,167.72,48.92,73,45,6.22,NZ,1604169472
asau,46.43,26.4,42.01,86,78,4.09,RO,1604169218
pincher creek,49.48,-113.95,46.99,33,99,20.8,CA,1604169360
nizhniy kuranakh,58.84,125.49,-5.76,90,96,1.57,RU,1604169473
ketchikan,55.34,-131.65,48.2,100,90,14.99,US,1604169466
east london,-33.02,27.91,64.4,72,20,6.93,ZA,1604169175
mamontovo,52.71,81.62,30.34,97,50,7.58,RU,1604169473
gravdal,68.12,13.5,45.72,76,100,15.39,NO,1604169225
cottonwood,34.74,-112.01,73.99,18,99,2.51,US,1604169473
grenville,12.12,-61.62,78.8,94,75,13.87,GD,1604169474
bloomington,44.84,-93.3,55.99,54,75,17.22,US,1604169474
midyat,37.42,41.34,69.8,22,75,2.24,TR,1604169474
bograd,54.23,90.83,33.8,80,0,4.47,RU,1604169474
batagay-alyta,67.8,130.41,0.91,92,100,0.67,RU,1604169474
